id,name,image
1,Others,https://postimg.cc/G9NnrwHD
2,Others,https://postimg.cc/JyKS2SfG
3,Others,https://postimg.cc/FYXtdybs
4,Others,https://postimg.cc/67BDzB1k
5,Adventure,https://postimg.cc/62bqtjvQ
6,Adventure,https://postimg.cc/bdMr55PC
7,Adventure,https://postimg.cc/rRdmm11N
8,Adventure,https://postimg.cc/YjjjbH5L
9,Natural,https://postimg.cc/jwBTMGfy
10,Natural,https://postimg.cc/yD7HphDp
11,Natural,https://postimg.cc/0bYvCXyJ
12,Natural,https://postimg.cc/SnVpBX8S
13,Religious,https://postimg.cc/k2YpNWKb
14,Religious,https://postimg.cc/bGGFmd9F
15,Religious,https://postimg.cc/HcXvCKKw
16,Religious,https://postimg.cc/3yPfV7Lr
17,Historic,https://postimg.cc/1nQ24sDC
18,Historic,https://postimg.cc/qgpWTBJg
19,Historic,https://postimg.cc/fk5pT4yC
20,Historic,https://postimg.cc/nCz5XdQJ
21,Jammu And Kashmir,https://i.postimg.cc/Kj9Fyd6X/imgonline-com-ua-resize-7t-Icr0k-G9-T.jpg
22,Jammu And Kashmir,https://i.postimg.cc/nczp1hmn/imgonline-com-ua-resize-Qx49-XFr6qsc-Mm.jpg
23,Jammu And Kashmir,https://i.postimg.cc/c1TdYnrD/imgonline-com-ua-resize-xqxt-J0-Fz-QPQv-DL.jpg
24,Jammu And Kashmir,https://i.postimg.cc/65mwbxVn/imgonline-com-ua-resize-y-OOAz-ZPCbw-XY35-HI.jpg
25,Uttarkhand,https://i.postimg.cc/HnFZ5z5c/imgonline-com-ua-resize-8sn-Cc-H2swri-T5-C.jpg
26,Uttarkhand,https://i.postimg.cc/CM26Whth/imgonline-com-ua-resize-hw-FZ1dz-Bh9a-M.jpg
27,Uttarkhand,https://i.postimg.cc/VkQZk7m2/imgonline-com-ua-resize-NQIw-Qe-Eto8qe-Uvc.jpg
28,Uttarkhand,https://i.postimg.cc/gk6Bd9Fv/imgonline-com-ua-resize-vq-Tl0-Ts-Yc-G2-ZI7-X.jpg
29,Kerala,https://i.postimg.cc/Y9RB15q4/imgonline-com-ua-resize-Qm-K7gb-Zlf4-E3-T.jpg
30,Kerala,https://i.postimg.cc/Wp9PtcHC/imgonline-com-ua-resize-rf-ODEJg-Sdl-Hc-L2.jpg
31,Kerala,https://i.postimg.cc/6q1sPCZt/imgonline-com-ua-resize-SJ8z-NUE5-P9-Vn-Ok.jpg
32,Kerala,https://i.postimg.cc/3Nw59tdt/imgonline-com-ua-resize-SZVV9-UDp-ZQj-S5-Re.jpg
33,Himachal Pradesh,https://i.postimg.cc/BbPNqFyq/imgonline-com-ua-resize-0q-Reau00x-TMq.jpg
34,Himachal Pradesh,https://i.postimg.cc/z3m73BZT/imgonline-com-ua-resize-7zm0-Rf-XBc-LT.jpg
35,Himachal Pradesh,https://i.postimg.cc/Y24w4sBS/imgonline-com-ua-resize-m0-Kzejyfk-Z.jpg
36,Himachal Pradesh,https://i.postimg.cc/HWf1b9T9/imgonline-com-ua-resize-X9-CEtcdab42w-STj.jpg
37,Arunachal Pradesh,https://i.postimg.cc/0y4QSJHg/imgonline-com-ua-resize-0eil-XLN7-Eoce-FKW.jpg
38,Arunachal Pradesh,https://i.postimg.cc/rptpNFvD/imgonline-com-ua-resize-5-VIDv32o14-YSCNr.jpg
39,Arunachal Pradesh,https://i.postimg.cc/63r5Fb6w/imgonline-com-ua-resize-du0tp-SJvd-KLFG.jpg
40,Arunachal Pradesh,https://i.postimg.cc/RF5ZsxBX/imgonline-com-ua-resize-GTZ0-ZEyo-Isg2cg.jpg
